{"1_60$_$0": {"true": 1.0, "pred": 0.13663937151432037}, "1_80$_$0": {"true": -1.0, "pred": 0.15173844993114471}}