,w/o mag,w/o graph,cmgcni
acc,0.5441176470588235,0.6323529411764706,0.6397058823529411
f1,0.5097674418604652,0.6242263483642794,0.627105366235801
